{"count":1,"gauges":{},"self":43.470492799999995,"total":44.7842175,"children":{"AgentResetIfDone":{"count":2212,"self":0.0228424,"total":0.0228424,"children":null},"AgentSendState":{"count":2212,"self":0.028665899999999998,"total":0.0366293,"children":{"CollectObservations":{"count":1659,"self":0.007963399999999999,"total":0.007963399999999999,"children":null}}},"DecideAction":{"count":2212,"self":1.0442232,"total":1.1679978,"children":{"RayPerceptionSensor.Perceive":{"count":1659,"self":0.1237746,"total":0.1237746,"children":null}}},"AcademyStep":{"count":2212,"self":0.0051126999999999995,"total":0.0051126999999999995,"children":null},"AgentAct":{"count":2212,"self":0.080204,"total":0.080204,"children":null}}}